"id","upper","lower","LL","DUL","bulk_density","SOC","ECEC","pHc","pHw","clay","sand","silt"
127,0,10,0.17,0.32,1.23,0.8,6.8,5,5.45,0.13,0.71,0.16
127,10,20,0.17,0.32,1.39,0.63,6.78,4.94,5.46,0.14,0.7,0.15
127,20,30,0.17,0.32,1.44,0.52,7.41,5.03,5.58,0.2,0.66,0.14
127,30,40,0.17,0.32,1.46,0.44,8.17,5.18,5.78,0.25,0.61,0.14
127,40,50,0.18,0.32,1.5,0.36,8.83,5.33,6,0.3,0.56,0.14
127,50,60,0.18,0.32,1.54,0.31,9.13,5.45,6.16,0.32,0.54,0.13
127,60,70,0.17,0.32,1.57,0.3,9.13,5.55,6.25,0.32,0.54,0.13
127,70,80,0.17,0.32,1.58,0.28,9.31,5.63,6.33,0.32,0.54,0.13
127,80,90,0.18,0.32,1.58,0.26,9.68,5.7,6.42,0.33,0.54,0.13
127,90,100,0.18,0.32,1.56,0.25,9.97,5.76,6.49,0.33,0.53,0.13
127,100,110,0.18,0.33,1.54,0.26,10.08,5.79,6.53,0.34,0.53,0.13
127,110,120,0.18,0.33,1.53,0.26,9.89,5.8,6.56,0.34,0.52,0.13
127,120,130,0.18,0.33,1.52,0.25,9.47,5.78,6.56,0.35,0.52,0.14
127,130,140,0.18,0.32,1.53,0.26,9.28,5.77,6.53,0.34,0.52,0.14
127,140,150,0.18,0.32,1.53,0.27,9.34,5.76,6.5,0.33,0.53,0.14
127,150,160,0.18,0.32,1.54,0.27,9.38,5.76,6.48,0.33,0.54,0.14
127,160,170,0.18,0.32,1.53,0.27,9.36,5.76,6.49,0.33,0.53,0.14
127,170,180,0.18,0.32,1.53,0.27,9.35,5.76,6.49,0.33,0.53,0.14
132,0,10,0.17,0.31,1.22,0.72,6.85,5.1,5.68,0.19,0.62,0.19
132,10,20,0.17,0.31,1.44,0.56,6.53,4.95,5.69,0.19,0.62,0.19
132,20,30,0.17,0.31,1.54,0.49,6.62,4.96,5.77,0.19,0.62,0.19
132,30,40,0.17,0.32,1.55,0.44,7.4,4.99,5.86,0.22,0.6,0.18
132,40,50,0.18,0.32,1.53,0.39,8.83,5.04,5.97,0.28,0.55,0.17
132,50,60,0.18,0.33,1.52,0.33,10.7,5.22,6.17,0.32,0.52,0.16
132,60,70,0.18,0.33,1.54,0.28,12.86,5.51,6.46,0.34,0.51,0.15
132,70,80,0.19,0.34,1.54,0.24,14.95,5.78,6.72,0.37,0.49,0.14
132,80,90,0.19,0.34,1.52,0.24,16.7,5.98,6.92,0.4,0.47,0.13
132,90,100,0.19,0.35,1.5,0.23,17.39,6.1,7.04,0.42,0.45,0.13
132,100,110,0.19,0.35,1.48,0.23,17.13,6.15,7.08,0.42,0.45,0.13
132,110,120,0.19,0.35,1.48,0.23,16.91,6.16,7.08,0.43,0.44,0.13
132,120,130,0.19,0.35,1.47,0.24,16.86,6.12,7.05,0.44,0.44,0.12
132,130,140,0.19,0.35,1.48,0.24,16.74,6.09,7.01,0.43,0.44,0.13
132,140,150,0.19,0.35,1.48,0.24,16.57,6.07,6.98,0.42,0.45,0.13
132,150,160,0.19,0.34,1.48,0.25,16.49,6.07,6.97,0.41,0.46,0.13
132,160,170,0.19,0.35,1.48,0.25,16.52,6.07,6.97,0.42,0.45,0.13
132,170,180,0.19,0.35,1.48,0.25,16.54,6.07,6.98,0.42,0.45,0.13
133,0,10,0.17,0.31,1.26,0.63,5.97,4.86,5.55,0.15,0.66,0.19
133,10,20,0.17,0.31,1.46,0.52,5.82,4.76,5.57,0.15,0.66,0.19
133,20,30,0.17,0.31,1.54,0.46,6.17,4.78,5.73,0.17,0.65,0.18
133,30,40,0.17,0.31,1.58,0.4,6.97,4.9,5.88,0.2,0.62,0.18
133,40,50,0.17,0.31,1.61,0.34,8.02,5.08,6,0.23,0.6,0.17
133,50,60,0.17,0.31,1.62,0.3,8.82,5.25,6.13,0.25,0.58,0.16
133,60,70,0.17,0.31,1.61,0.27,9.51,5.4,6.29,0.26,0.58,0.16
133,70,80,0.17,0.32,1.61,0.25,11.01,5.56,6.42,0.29,0.55,0.15
133,80,90,0.18,0.32,1.6,0.25,13.08,5.73,6.52,0.34,0.52,0.14
133,90,100,0.18,0.33,1.58,0.25,14.17,5.83,6.6,0.37,0.49,0.14
133,100,110,0.18,0.33,1.56,0.27,14.26,5.86,6.66,0.39,0.47,0.14
133,110,120,0.18,0.33,1.54,0.27,14.36,5.87,6.7,0.41,0.46,0.13
133,120,130,0.18,0.33,1.54,0.28,14.54,5.88,6.72,0.41,0.45,0.13
133,130,140,0.18,0.33,1.55,0.28,14.36,5.87,6.7,0.41,0.46,0.13
133,140,150,0.18,0.33,1.55,0.27,13.86,5.84,6.66,0.39,0.47,0.14
133,150,160,0.18,0.33,1.56,0.27,13.64,5.83,6.64,0.38,0.48,0.14
133,160,170,0.18,0.33,1.56,0.27,13.72,5.84,6.65,0.39,0.47,0.14
133,170,180,0.18,0.33,1.55,0.27,13.79,5.84,6.66,0.39,0.47,0.14
134,0,10,0.17,0.31,1.22,0.66,6.43,4.99,5.66,0.18,0.62,0.2
134,10,20,0.17,0.31,1.47,0.61,6.23,4.87,5.66,0.18,0.62,0.2
134,20,30,0.17,0.31,1.56,0.57,6.45,4.89,5.71,0.19,0.62,0.2
134,30,40,0.17,0.31,1.59,0.51,7.18,4.94,5.81,0.21,0.6,0.19
134,40,50,0.17,0.32,1.59,0.42,8.3,4.99,5.96,0.25,0.57,0.18
134,50,60,0.17,0.32,1.6,0.36,9.35,5.11,6.11,0.27,0.56,0.17
134,60,70,0.18,0.32,1.61,0.33,10.45,5.3,6.23,0.28,0.55,0.17
134,70,80,0.18,0.33,1.62,0.31,12.33,5.5,6.39,0.32,0.52,0.16
134,80,90,0.18,0.33,1.6,0.29,14.67,5.68,6.56,0.37,0.48,0.15
134,90,100,0.19,0.34,1.58,0.29,15.87,5.79,6.68,0.41,0.45,0.14
134,100,110,0.19,0.34,1.56,0.3,15.88,5.83,6.73,0.43,0.43,0.14
134,110,120,0.19,0.34,1.54,0.3,15.71,5.84,6.76,0.44,0.42,0.14
134,120,130,0.19,0.34,1.54,0.3,15.56,5.83,6.77,0.44,0.42,0.14
134,130,140,0.19,0.34,1.54,0.3,15.43,5.82,6.76,0.44,0.42,0.14
134,140,150,0.19,0.34,1.54,0.3,15.32,5.8,6.72,0.43,0.43,0.14
134,150,160,0.19,0.34,1.55,0.3,15.27,5.79,6.71,0.42,0.44,0.14
134,160,170,0.19,0.34,1.55,0.3,15.29,5.79,6.71,0.42,0.43,0.14
134,170,180,0.19,0.34,1.55,0.3,15.3,5.79,6.72,0.42,0.43,0.14
135,0,10,0.17,0.31,1.22,0.67,5.85,4.89,5.45,0.13,0.68,0.18
135,10,20,0.17,0.31,1.38,0.55,5.82,4.82,5.46,0.14,0.69,0.18
135,20,30,0.17,0.31,1.42,0.46,6.47,4.88,5.6,0.16,0.68,0.16
135,30,40,0.17,0.31,1.47,0.39,7.38,5.02,5.79,0.2,0.65,0.15
135,40,50,0.17,0.31,1.56,0.35,8.35,5.2,5.99,0.26,0.59,0.15
135,50,60,0.17,0.32,1.61,0.31,9.02,5.35,6.13,0.28,0.56,0.15
135,60,70,0.17,0.32,1.63,0.29,9.43,5.46,6.21,0.29,0.56,0.15
135,70,80,0.17,0.32,1.63,0.27,9.95,5.56,6.28,0.3,0.55,0.15
135,80,90,0.18,0.32,1.62,0.25,10.52,5.65,6.35,0.32,0.53,0.15
135,90,100,0.18,0.32,1.61,0.25,10.75,5.7,6.4,0.33,0.52,0.14
135,100,110,0.18,0.33,1.6,0.26,10.64,5.72,6.43,0.33,0.52,0.14
135,110,120,0.18,0.33,1.59,0.26,10.49,5.73,6.45,0.34,0.52,0.14
135,120,130,0.18,0.33,1.58,0.26,10.37,5.73,6.47,0.34,0.52,0.14
135,130,140,0.18,0.33,1.58,0.26,10.26,5.72,6.45,0.34,0.52,0.14
135,140,150,0.18,0.32,1.59,0.26,10.16,5.69,6.41,0.33,0.53,0.15
135,150,160,0.18,0.32,1.6,0.26,10.12,5.68,6.39,0.32,0.53,0.15
135,160,170,0.18,0.32,1.59,0.26,10.13,5.68,6.4,0.32,0.53,0.15
135,170,180,0.18,0.32,1.59,0.26,10.15,5.68,6.41,0.32,0.53,0.15
136,0,10,0.18,0.32,1.16,0.69,6.45,5.05,5.64,0.19,0.6,0.21
136,10,20,0.18,0.32,1.4,0.6,6.19,4.91,5.64,0.18,0.61,0.21
136,20,30,0.18,0.32,1.49,0.53,6.33,4.93,5.72,0.19,0.61,0.2
136,30,40,0.18,0.33,1.53,0.46,7.21,4.96,5.79,0.21,0.6,0.19
136,40,50,0.18,0.33,1.54,0.38,8.65,4.98,5.86,0.25,0.57,0.18
136,50,60,0.18,0.33,1.55,0.32,9.83,5.1,6.01,0.27,0.56,0.17
136,60,70,0.18,0.33,1.56,0.29,10.76,5.32,6.22,0.29,0.55,0.17
136,70,80,0.18,0.33,1.56,0.27,12.07,5.51,6.39,0.31,0.53,0.16
136,80,90,0.19,0.34,1.55,0.26,13.6,5.65,6.51,0.35,0.5,0.15
136,90,100,0.19,0.34,1.54,0.26,14.37,5.73,6.58,0.37,0.49,0.14
136,100,110,0.19,0.34,1.53,0.27,14.37,5.75,6.63,0.38,0.48,0.14
136,110,120,0.19,0.34,1.52,0.27,14.23,5.76,6.66,0.39,0.47,0.14
136,120,130,0.19,0.34,1.52,0.27,14.07,5.76,6.67,0.39,0.46,0.14
136,130,140,0.19,0.34,1.52,0.27,13.92,5.75,6.65,0.39,0.47,0.14
136,140,150,0.19,0.34,1.53,0.27,13.78,5.73,6.62,0.38,0.48,0.14
136,150,160,0.19,0.34,1.53,0.27,13.73,5.72,6.6,0.37,0.48,0.15
136,160,170,0.19,0.34,1.53,0.27,13.75,5.72,6.61,0.37,0.48,0.15
136,170,180,0.19,0.34,1.53,0.27,13.76,5.72,6.61,0.37,0.48,0.14
137,0,10,0.17,0.31,1.21,0.77,6.3,4.99,5.6,0.14,0.68,0.18
137,10,20,0.17,0.31,1.44,0.57,6.17,4.91,5.61,0.15,0.68,0.17
137,20,30,0.17,0.31,1.53,0.46,6.57,4.95,5.73,0.16,0.68,0.16
137,30,40,0.17,0.31,1.58,0.4,7.27,5.08,5.88,0.19,0.66,0.15
137,40,50,0.17,0.31,1.62,0.35,8.14,5.25,6.02,0.23,0.62,0.15
137,50,60,0.17,0.31,1.66,0.31,9.01,5.39,6.16,0.26,0.6,0.15
137,60,70,0.17,0.31,1.67,0.29,9.79,5.47,6.31,0.26,0.59,0.15
137,70,80,0.17,0.31,1.68,0.26,10.3,5.52,6.47,0.26,0.59,0.15
137,80,90,0.17,0.31,1.67,0.23,10.55,5.55,6.63,0.26,0.6,0.14
137,90,100,0.17,0.31,1.67,0.22,10.72,5.58,6.75,0.25,0.61,0.14
137,100,110,0.17,0.31,1.66,0.22,10.83,5.6,6.83,0.25,0.61,0.14
137,110,120,0.17,0.32,1.65,0.22,10.77,5.62,6.87,0.26,0.6,0.14
137,120,130,0.17,0.32,1.64,0.22,10.59,5.65,6.87,0.27,0.59,0.14
137,130,140,0.17,0.32,1.64,0.23,10.48,5.64,6.85,0.27,0.59,0.14
137,140,150,0.17,0.32,1.64,0.23,10.47,5.62,6.81,0.26,0.6,0.14
137,150,160,0.17,0.32,1.64,0.23,10.48,5.61,6.8,0.26,0.6,0.14
137,160,170,0.17,0.32,1.64,0.23,10.47,5.62,6.8,0.26,0.6,0.14
137,170,180,0.17,0.32,1.64,0.23,10.47,5.62,6.81,0.26,0.6,0.14
138,0,10,0.17,0.31,1.27,0.68,6.41,4.85,5.57,0.16,0.65,0.19
138,10,20,0.17,0.31,1.45,0.55,6.31,4.79,5.59,0.16,0.65,0.19
138,20,30,0.17,0.31,1.54,0.47,6.75,4.87,5.77,0.19,0.63,0.18
138,30,40,0.17,0.31,1.58,0.41,7.48,5,5.95,0.23,0.61,0.17
138,40,50,0.17,0.31,1.61,0.35,8.38,5.16,6.09,0.26,0.58,0.16
138,50,60,0.17,0.32,1.62,0.3,9.37,5.33,6.26,0.28,0.57,0.15
138,60,70,0.17,0.32,1.62,0.26,10.48,5.51,6.44,0.3,0.55,0.15
138,70,80,0.18,0.32,1.62,0.24,11.75,5.67,6.58,0.32,0.53,0.15
138,80,90,0.18,0.32,1.62,0.23,13.05,5.8,6.67,0.36,0.49,0.14
138,90,100,0.18,0.33,1.61,0.24,13.87,5.88,6.75,0.39,0.47,0.14
138,100,110,0.18,0.33,1.59,0.24,14.09,5.92,6.82,0.4,0.46,0.14
138,110,120,0.18,0.33,1.59,0.24,13.73,5.92,6.84,0.4,0.47,0.14
138,120,130,0.18,0.32,1.59,0.23,13.03,5.91,6.83,0.38,0.47,0.14
138,130,140,0.18,0.32,1.59,0.23,12.84,5.89,6.8,0.38,0.48,0.14
138,140,150,0.18,0.33,1.59,0.24,13.14,5.89,6.78,0.38,0.48,0.14
138,150,160,0.18,0.33,1.59,0.25,13.3,5.88,6.76,0.38,0.48,0.14
138,160,170,0.18,0.33,1.59,0.24,13.24,5.88,6.77,0.38,0.48,0.14
138,170,180,0.18,0.33,1.59,0.24,13.19,5.88,6.77,0.38,0.48,0.14
139,0,10,0.17,0.31,1.16,0.7,6.47,4.96,5.57,0.16,0.62,0.21
139,10,20,0.17,0.31,1.35,0.56,6.34,4.84,5.57,0.17,0.63,0.21
139,20,30,0.17,0.31,1.42,0.49,6.72,4.89,5.68,0.17,0.64,0.2
139,30,40,0.17,0.31,1.48,0.44,7.57,4.98,5.82,0.2,0.62,0.18
139,40,50,0.17,0.31,1.55,0.39,8.72,5.08,5.97,0.26,0.56,0.18
139,50,60,0.17,0.31,1.58,0.36,9.79,5.23,6.12,0.29,0.53,0.18
139,60,70,0.17,0.32,1.58,0.34,10.87,5.43,6.26,0.31,0.52,0.17
139,70,80,0.18,0.33,1.57,0.33,12.62,5.62,6.44,0.35,0.48,0.17
139,80,90,0.18,0.33,1.55,0.31,14.74,5.75,6.64,0.41,0.43,0.16
139,90,100,0.19,0.34,1.54,0.3,15.74,5.82,6.74,0.44,0.41,0.15
139,100,110,0.19,0.34,1.52,0.31,15.61,5.82,6.76,0.45,0.41,0.15
139,110,120,0.19,0.34,1.51,0.31,15.34,5.83,6.79,0.45,0.4,0.15
139,120,130,0.19,0.34,1.51,0.32,15.13,5.84,6.84,0.45,0.4,0.15
139,130,140,0.19,0.34,1.51,0.32,14.9,5.84,6.83,0.44,0.4,0.15
139,140,150,0.19,0.34,1.51,0.31,14.68,5.81,6.78,0.43,0.42,0.15
139,150,160,0.19,0.34,1.51,0.31,14.59,5.8,6.76,0.42,0.43,0.15
139,160,170,0.19,0.34,1.51,0.31,14.62,5.81,6.77,0.42,0.43,0.15
139,170,180,0.19,0.34,1.51,0.31,14.65,5.81,6.78,0.42,0.42,0.15
140,0,10,0.17,0.32,1.19,0.76,7.23,5.27,5.59,0.13,0.71,0.16
140,10,20,0.17,0.32,1.35,0.61,7.23,5.22,5.62,0.14,0.71,0.15
140,20,30,0.17,0.32,1.39,0.5,7.9,5.32,5.78,0.19,0.68,0.14
140,30,40,0.18,0.32,1.42,0.41,8.82,5.46,5.98,0.23,0.64,0.13
140,40,50,0.18,0.32,1.46,0.35,9.76,5.6,6.18,0.27,0.6,0.13
140,50,60,0.18,0.32,1.5,0.32,10.44,5.69,6.34,0.29,0.58,0.13
140,60,70,0.18,0.32,1.53,0.3,10.87,5.75,6.44,0.29,0.58,0.13
140,70,80,0.18,0.33,1.53,0.28,11.31,5.8,6.52,0.3,0.57,0.13
140,80,90,0.18,0.33,1.53,0.26,11.76,5.86,6.57,0.31,0.56,0.13
140,90,100,0.18,0.33,1.51,0.25,12.03,5.9,6.6,0.31,0.56,0.13
140,100,110,0.18,0.33,1.5,0.26,12.09,5.93,6.62,0.32,0.55,0.13
140,110,120,0.18,0.33,1.49,0.26,12.01,5.94,6.64,0.32,0.55,0.13
140,120,130,0.18,0.33,1.49,0.26,11.85,5.95,6.65,0.32,0.56,0.13
140,130,140,0.18,0.33,1.5,0.26,11.69,5.93,6.64,0.31,0.56,0.13
140,140,150,0.18,0.33,1.51,0.27,11.56,5.9,6.6,0.3,0.56,0.13
140,150,160,0.18,0.33,1.51,0.27,11.51,5.88,6.58,0.3,0.56,0.13
140,160,170,0.18,0.33,1.51,0.27,11.53,5.89,6.58,0.3,0.56,0.13
140,170,180,0.18,0.33,1.51,0.27,11.55,5.89,6.59,0.3,0.56,0.13
142,0,10,0.17,0.31,1.25,0.73,6.55,5.07,5.64,0.13,0.68,0.18
142,10,20,0.17,0.31,1.42,0.57,6.42,4.97,5.65,0.14,0.68,0.18
142,20,30,0.17,0.31,1.49,0.5,6.82,5.01,5.74,0.17,0.66,0.17
142,30,40,0.17,0.31,1.52,0.45,7.55,5.12,5.88,0.22,0.62,0.16
142,40,50,0.17,0.31,1.55,0.39,8.5,5.27,6.04,0.28,0.57,0.15
142,50,60,0.17,0.31,1.56,0.34,9.49,5.41,6.18,0.31,0.54,0.15
142,60,70,0.17,0.31,1.58,0.31,10.53,5.55,6.31,0.32,0.54,0.15
142,70,80,0.17,0.32,1.58,0.29,11.7,5.69,6.42,0.33,0.53,0.14
142,80,90,0.18,0.32,1.57,0.27,12.87,5.82,6.51,0.35,0.51,0.14
142,90,100,0.18,0.33,1.55,0.26,13.48,5.91,6.6,0.37,0.49,0.14
142,100,110,0.18,0.33,1.52,0.27,13.54,5.97,6.69,0.38,0.48,0.14
142,110,120,0.18,0.33,1.51,0.27,13.52,5.99,6.74,0.39,0.47,0.13
142,120,130,0.18,0.33,1.51,0.26,13.49,5.99,6.76,0.39,0.47,0.13
142,130,140,0.18,0.33,1.51,0.26,13.37,5.97,6.74,0.39,0.48,0.14
142,140,150,0.18,0.33,1.52,0.27,13.19,5.95,6.7,0.37,0.49,0.14
142,150,160,0.18,0.33,1.53,0.27,13.11,5.94,6.68,0.37,0.49,0.14
142,160,170,0.18,0.33,1.52,0.27,13.14,5.94,6.69,0.37,0.49,0.14
142,170,180,0.18,0.33,1.52,0.27,13.16,5.94,6.7,0.37,0.49,0.14
153,0,10,0.17,0.31,1.15,0.67,6.61,4.98,5.63,0.17,0.61,0.22
153,10,20,0.17,0.31,1.36,0.58,6.43,4.85,5.63,0.17,0.61,0.22
153,20,30,0.17,0.31,1.44,0.53,6.6,4.84,5.68,0.17,0.62,0.21
153,30,40,0.17,0.31,1.48,0.47,7.36,4.87,5.75,0.2,0.61,0.19
153,40,50,0.17,0.31,1.51,0.39,8.58,4.93,5.84,0.23,0.59,0.18
153,50,60,0.17,0.31,1.52,0.33,9.59,5.06,5.98,0.26,0.57,0.18
153,60,70,0.17,0.32,1.53,0.29,10.47,5.25,6.16,0.27,0.56,0.17
153,70,80,0.18,0.32,1.53,0.27,11.95,5.43,6.32,0.3,0.54,0.17
153,80,90,0.18,0.33,1.52,0.26,13.77,5.58,6.43,0.34,0.5,0.16
153,90,100,0.18,0.33,1.51,0.26,14.53,5.66,6.5,0.36,0.48,0.16
153,100,110,0.18,0.33,1.5,0.28,14.22,5.67,6.53,0.38,0.47,0.16
153,110,120,0.18,0.33,1.5,0.28,13.88,5.69,6.55,0.38,0.47,0.16
153,120,130,0.18,0.33,1.5,0.27,13.69,5.71,6.57,0.37,0.48,0.16
153,130,140,0.18,0.33,1.51,0.27,13.58,5.71,6.56,0.36,0.48,0.16
153,140,150,0.18,0.33,1.5,0.28,13.52,5.68,6.53,0.36,0.48,0.16
153,150,160,0.18,0.33,1.5,0.28,13.49,5.67,6.51,0.36,0.49,0.16
153,160,170,0.18,0.33,1.5,0.28,13.5,5.67,6.52,0.36,0.49,0.16
153,170,180,0.18,0.33,1.5,0.28,13.51,5.68,6.52,0.36,0.49,0.16
155,0,10,0.17,0.32,1.2,0.68,7.23,4.94,5.5,0.15,0.65,0.19
155,10,20,0.17,0.32,1.38,0.51,7.23,4.9,5.57,0.15,0.67,0.18
155,20,30,0.17,0.31,1.46,0.41,8.01,4.97,5.9,0.19,0.65,0.16
155,30,40,0.17,0.31,1.53,0.34,8.99,5.08,6.17,0.21,0.64,0.15
155,40,50,0.17,0.31,1.6,0.3,9.92,5.19,6.3,0.21,0.64,0.15
155,50,60,0.17,0.31,1.64,0.28,10.55,5.29,6.35,0.21,0.64,0.15
155,60,70,0.17,0.31,1.66,0.28,11.03,5.38,6.36,0.21,0.64,0.14
155,70,80,0.17,0.31,1.66,0.27,11.97,5.52,6.45,0.22,0.64,0.14
155,80,90,0.17,0.31,1.65,0.24,13.23,5.67,6.6,0.23,0.63,0.14
155,90,100,0.17,0.32,1.64,0.24,13.79,5.74,6.69,0.24,0.62,0.14
155,100,110,0.17,0.32,1.62,0.24,13.63,5.72,6.72,0.24,0.62,0.14
155,110,120,0.17,0.32,1.62,0.25,13.46,5.71,6.74,0.25,0.61,0.14
155,120,130,0.17,0.32,1.61,0.26,13.4,5.71,6.75,0.26,0.6,0.14
155,130,140,0.17,0.32,1.61,0.26,13.29,5.71,6.74,0.26,0.6,0.14
155,140,150,0.17,0.32,1.62,0.25,13.13,5.7,6.7,0.24,0.62,0.14
155,150,160,0.17,0.32,1.62,0.25,13.06,5.7,6.69,0.23,0.62,0.14
155,160,170,0.17,0.32,1.62,0.25,13.09,5.7,6.69,0.24,0.62,0.14
155,170,180,0.17,0.32,1.62,0.25,13.11,5.7,6.7,0.24,0.62,0.14
156,0,10,0.17,0.31,1.27,0.68,6.45,5,5.66,0.13,0.7,0.17
156,10,20,0.17,0.31,1.44,0.52,6.52,4.91,5.69,0.14,0.69,0.17
156,20,30,0.17,0.31,1.48,0.45,7.04,5.06,5.86,0.18,0.67,0.15
156,30,40,0.17,0.32,1.51,0.39,8.07,5.24,6.05,0.24,0.62,0.14
156,40,50,0.18,0.32,1.54,0.33,9.55,5.39,6.24,0.3,0.55,0.14
156,50,60,0.18,0.33,1.55,0.3,11.32,5.57,6.41,0.35,0.52,0.14
156,60,70,0.18,0.33,1.55,0.3,13.03,5.78,6.57,0.36,0.51,0.13
156,70,80,0.18,0.33,1.56,0.29,13.66,5.92,6.71,0.35,0.51,0.13
156,80,90,0.18,0.33,1.56,0.26,13.35,5.99,6.84,0.34,0.52,0.13
156,90,100,0.18,0.33,1.56,0.24,13.28,6.05,6.91,0.34,0.53,0.13
156,100,110,0.18,0.33,1.55,0.24,13.57,6.1,6.94,0.35,0.52,0.13
156,110,120,0.18,0.33,1.54,0.25,13.73,6.11,6.95,0.36,0.51,0.13
156,120,130,0.18,0.33,1.55,0.26,13.69,6.09,6.94,0.37,0.5,0.13
156,130,140,0.18,0.33,1.55,0.26,13.52,6.06,6.92,0.36,0.5,0.13
156,140,150,0.18,0.33,1.55,0.26,13.29,6.05,6.89,0.35,0.52,0.13
156,150,160,0.18,0.33,1.55,0.26,13.2,6.04,6.88,0.34,0.52,0.13
156,160,170,0.18,0.33,1.55,0.26,13.23,6.04,6.89,0.35,0.52,0.13
156,170,180,0.18,0.33,1.55,0.26,13.26,6.05,6.89,0.35,0.52,0.13
159,0,10,0.17,0.31,1.22,0.73,6,4.89,5.42,0.13,0.7,0.17
159,10,20,0.17,0.31,1.37,0.58,5.99,4.84,5.43,0.14,0.7,0.16
159,20,30,0.17,0.31,1.41,0.48,6.71,4.93,5.56,0.17,0.68,0.15
159,30,40,0.17,0.32,1.45,0.41,7.54,5.08,5.75,0.22,0.63,0.14
159,40,50,0.17,0.32,1.51,0.36,8.27,5.24,5.94,0.28,0.58,0.14
159,50,60,0.18,0.32,1.55,0.33,8.8,5.37,6.08,0.31,0.54,0.14
159,60,70,0.18,0.32,1.58,0.31,9.17,5.48,6.16,0.32,0.54,0.14
159,70,80,0.18,0.32,1.58,0.28,9.59,5.57,6.25,0.33,0.53,0.14
159,80,90,0.18,0.32,1.58,0.26,10.03,5.63,6.33,0.34,0.52,0.14
159,90,100,0.18,0.33,1.57,0.25,10.25,5.67,6.4,0.35,0.52,0.14
159,100,110,0.18,0.33,1.56,0.26,10.22,5.69,6.43,0.35,0.51,0.14
159,110,120,0.18,0.33,1.55,0.26,10.07,5.7,6.45,0.35,0.51,0.14
159,120,130,0.18,0.33,1.55,0.25,9.85,5.7,6.47,0.35,0.51,0.14
159,130,140,0.18,0.33,1.55,0.25,9.71,5.68,6.45,0.34,0.52,0.14
159,140,150,0.18,0.33,1.56,0.26,9.64,5.66,6.41,0.34,0.52,0.14
159,150,160,0.18,0.33,1.57,0.27,9.62,5.64,6.39,0.33,0.53,0.14
159,160,170,0.18,0.33,1.57,0.27,9.63,5.65,6.4,0.33,0.53,0.14
159,170,180,0.18,0.33,1.57,0.26,9.64,5.65,6.41,0.33,0.52,0.14
162,0,10,0.17,0.32,1.16,0.7,6.73,5,5.65,0.15,0.65,0.21
162,10,20,0.18,0.32,1.32,0.57,6.74,4.94,5.67,0.15,0.65,0.2
162,20,30,0.18,0.32,1.42,0.48,7.11,5,5.8,0.17,0.65,0.18
162,30,40,0.18,0.32,1.49,0.41,8.04,5.09,5.97,0.19,0.64,0.17
162,40,50,0.18,0.33,1.55,0.35,9.34,5.18,6.15,0.21,0.62,0.16
162,50,60,0.18,0.33,1.6,0.31,10.25,5.31,6.31,0.23,0.61,0.16
162,60,70,0.18,0.33,1.62,0.29,10.8,5.47,6.45,0.23,0.61,0.16
162,70,80,0.18,0.33,1.62,0.28,11.64,5.6,6.57,0.23,0.61,0.16
162,80,90,0.18,0.33,1.62,0.26,12.7,5.68,6.66,0.24,0.61,0.15
162,90,100,0.18,0.33,1.61,0.25,13.28,5.71,6.73,0.25,0.6,0.15
162,100,110,0.18,0.34,1.59,0.26,13.32,5.72,6.79,0.25,0.6,0.15
162,110,120,0.18,0.34,1.58,0.26,13.18,5.72,6.83,0.26,0.59,0.15
162,120,130,0.18,0.34,1.58,0.26,12.97,5.73,6.84,0.26,0.58,0.15
162,130,140,0.18,0.34,1.58,0.26,12.83,5.73,6.83,0.26,0.59,0.15
162,140,150,0.18,0.33,1.58,0.26,12.77,5.71,6.79,0.25,0.6,0.15
162,150,160,0.18,0.33,1.58,0.27,12.75,5.7,6.78,0.25,0.6,0.15
162,160,170,0.18,0.33,1.58,0.27,12.76,5.71,6.78,0.25,0.6,0.15
162,170,180,0.18,0.33,1.58,0.27,12.77,5.71,6.79,0.25,0.6,0.15
165,0,10,0.17,0.31,1.23,0.61,6.07,4.98,5.6,0.15,0.66,0.19
165,10,20,0.17,0.31,1.44,0.5,5.91,4.84,5.6,0.15,0.66,0.19
165,20,30,0.17,0.31,1.53,0.45,6.14,4.85,5.72,0.17,0.65,0.18
165,30,40,0.17,0.31,1.57,0.4,6.92,4.92,5.84,0.2,0.63,0.18
165,40,50,0.17,0.31,1.6,0.35,8.08,5.01,5.96,0.23,0.6,0.17
165,50,60,0.17,0.31,1.61,0.31,8.97,5.17,6.1,0.26,0.58,0.16
165,60,70,0.17,0.32,1.6,0.27,9.71,5.38,6.27,0.27,0.57,0.16
165,70,80,0.18,0.32,1.59,0.25,11.24,5.57,6.41,0.3,0.55,0.15
165,80,90,0.18,0.33,1.58,0.25,13.28,5.71,6.52,0.35,0.51,0.14
165,90,100,0.18,0.34,1.56,0.26,14.28,5.79,6.59,0.38,0.48,0.14
165,100,110,0.19,0.34,1.54,0.27,14.21,5.8,6.63,0.4,0.47,0.14
165,110,120,0.19,0.34,1.52,0.28,14.09,5.82,6.67,0.41,0.46,0.14
165,120,130,0.19,0.34,1.53,0.28,14.08,5.83,6.7,0.41,0.45,0.14
165,130,140,0.19,0.34,1.54,0.27,14,5.83,6.7,0.41,0.45,0.14
165,140,150,0.19,0.34,1.54,0.27,13.84,5.8,6.66,0.4,0.46,0.14
165,150,160,0.19,0.34,1.54,0.27,13.77,5.79,6.64,0.39,0.46,0.14
165,160,170,0.19,0.34,1.54,0.27,13.79,5.79,6.65,0.4,0.46,0.14
165,170,180,0.19,0.34,1.54,0.27,13.81,5.8,6.65,0.4,0.46,0.14
170,0,10,0.17,0.31,1.27,0.66,6.27,5.1,5.7,0.15,0.67,0.19
170,10,20,0.17,0.31,1.46,0.53,6,4.89,5.65,0.15,0.66,0.19
170,20,30,0.17,0.31,1.57,0.46,6.28,4.91,5.75,0.18,0.65,0.18
170,30,40,0.17,0.31,1.62,0.42,7,5.07,5.9,0.2,0.63,0.17
170,40,50,0.17,0.31,1.64,0.37,7.99,5.28,6.05,0.23,0.61,0.16
170,50,60,0.17,0.31,1.66,0.34,8.74,5.45,6.18,0.24,0.6,0.15
170,60,70,0.17,0.31,1.67,0.3,9.38,5.55,6.29,0.25,0.6,0.15
170,70,80,0.17,0.31,1.66,0.27,10.72,5.68,6.43,0.27,0.58,0.15
170,80,90,0.17,0.32,1.65,0.25,12.53,5.82,6.6,0.32,0.54,0.14
170,90,100,0.18,0.32,1.63,0.25,13.47,5.92,6.71,0.35,0.51,0.14
170,100,110,0.18,0.33,1.6,0.25,13.41,5.96,6.76,0.36,0.5,0.14
170,110,120,0.18,0.33,1.59,0.25,13.02,5.98,6.78,0.36,0.5,0.14
170,120,130,0.18,0.33,1.59,0.25,12.57,5.98,6.79,0.36,0.51,0.14
170,130,140,0.18,0.33,1.59,0.25,12.51,5.97,6.78,0.36,0.51,0.14
170,140,150,0.18,0.33,1.59,0.25,12.81,5.95,6.76,0.35,0.51,0.14
170,150,160,0.18,0.33,1.59,0.25,12.96,5.94,6.75,0.35,0.51,0.14
170,160,170,0.18,0.33,1.59,0.25,12.9,5.94,6.75,0.35,0.51,0.14
170,170,180,0.18,0.33,1.59,0.25,12.86,5.95,6.75,0.35,0.51,0.14
171,0,10,0.17,0.31,1.28,0.63,5.29,5.07,5.67,0.1,0.71,0.19
171,10,20,0.17,0.31,1.4,0.43,5.19,5.01,5.69,0.11,0.71,0.18
171,20,30,0.17,0.31,1.46,0.31,5.39,5.06,5.8,0.13,0.71,0.17
171,30,40,0.17,0.31,1.51,0.26,6.22,5.13,5.97,0.16,0.68,0.16
171,40,50,0.17,0.31,1.56,0.24,7.55,5.22,6.19,0.21,0.64,0.16
171,50,60,0.17,0.31,1.6,0.23,8.73,5.35,6.35,0.23,0.62,0.15
171,60,70,0.17,0.31,1.61,0.21,9.68,5.5,6.46,0.23,0.62,0.15
171,70,80,0.17,0.31,1.61,0.19,10.6,5.61,6.55,0.24,0.61,0.15
171,80,90,0.17,0.31,1.6,0.18,11.43,5.67,6.62,0.25,0.6,0.15
171,90,100,0.17,0.32,1.59,0.18,11.85,5.7,6.68,0.26,0.59,0.15
171,100,110,0.17,0.32,1.58,0.19,11.87,5.72,6.71,0.26,0.59,0.15
171,110,120,0.17,0.32,1.57,0.19,11.78,5.72,6.73,0.26,0.59,0.15
171,120,130,0.17,0.32,1.56,0.19,11.67,5.73,6.74,0.26,0.59,0.15
171,130,140,0.17,0.32,1.55,0.19,11.6,5.72,6.73,0.26,0.6,0.15
171,140,150,0.17,0.32,1.55,0.19,11.59,5.71,6.7,0.26,0.6,0.15
171,150,160,0.17,0.32,1.55,0.19,11.59,5.71,6.69,0.26,0.6,0.15
171,160,170,0.17,0.32,1.55,0.19,11.59,5.71,6.7,0.26,0.6,0.15
171,170,180,0.17,0.32,1.55,0.19,11.59,5.71,6.7,0.26,0.6,0.15
172,0,10,0.17,0.32,1.18,0.66,6.58,5.09,5.73,0.14,0.65,0.21
172,10,20,0.17,0.32,1.32,0.5,6.56,5.02,5.76,0.14,0.66,0.2
172,20,30,0.17,0.32,1.4,0.41,7.05,5.08,5.89,0.16,0.66,0.18
172,30,40,0.17,0.32,1.46,0.35,7.89,5.15,6.04,0.19,0.64,0.17
172,40,50,0.17,0.32,1.52,0.31,8.91,5.2,6.19,0.22,0.62,0.16
172,50,60,0.18,0.32,1.56,0.28,9.71,5.3,6.32,0.23,0.61,0.16
172,60,70,0.18,0.32,1.58,0.27,10.33,5.44,6.44,0.23,0.61,0.16
172,70,80,0.18,0.33,1.58,0.26,11.16,5.57,6.55,0.24,0.6,0.16
172,80,90,0.18,0.33,1.58,0.24,12.13,5.67,6.65,0.25,0.6,0.15
172,90,100,0.18,0.33,1.57,0.24,12.68,5.71,6.71,0.26,0.59,0.15
172,100,110,0.18,0.34,1.56,0.24,12.79,5.71,6.75,0.27,0.58,0.15
172,110,120,0.18,0.34,1.54,0.24,12.75,5.71,6.77,0.27,0.57,0.15
172,120,130,0.19,0.34,1.53,0.24,12.64,5.72,6.79,0.28,0.57,0.15
172,130,140,0.19,0.34,1.53,0.24,12.52,5.71,6.78,0.28,0.57,0.15
172,140,150,0.18,0.34,1.54,0.25,12.41,5.7,6.74,0.27,0.58,0.15
172,150,160,0.18,0.33,1.55,0.25,12.37,5.7,6.73,0.26,0.58,0.15
172,160,170,0.18,0.33,1.54,0.25,12.38,5.7,6.73,0.27,0.58,0.15
172,170,180,0.18,0.33,1.54,0.25,12.4,5.7,6.74,0.27,0.58,0.15
173,0,10,0.17,0.31,1.23,0.87,6.79,5.01,5.36,0.13,0.72,0.15
173,10,20,0.17,0.32,1.38,0.65,6.86,5.01,5.39,0.15,0.71,0.14
173,20,30,0.17,0.32,1.41,0.53,7.58,5.13,5.53,0.2,0.66,0.13
173,30,40,0.18,0.33,1.42,0.44,8.16,5.29,5.73,0.26,0.61,0.13
173,40,50,0.18,0.33,1.45,0.38,8.44,5.45,5.92,0.31,0.56,0.13
173,50,60,0.18,0.34,1.48,0.33,8.58,5.57,6.05,0.34,0.53,0.13
173,60,70,0.18,0.33,1.51,0.31,8.68,5.65,6.12,0.34,0.53,0.13
173,70,80,0.18,0.33,1.53,0.29,8.88,5.7,6.18,0.35,0.53,0.13
173,80,90,0.18,0.33,1.53,0.26,9.15,5.73,6.25,0.35,0.52,0.13
173,90,100,0.18,0.33,1.53,0.25,9.24,5.75,6.28,0.35,0.52,0.13
173,100,110,0.18,0.33,1.53,0.26,9.12,5.75,6.29,0.35,0.52,0.13
173,110,120,0.18,0.33,1.53,0.26,8.87,5.74,6.3,0.34,0.53,0.13
173,120,130,0.18,0.33,1.52,0.26,8.57,5.73,6.3,0.33,0.53,0.13
173,130,140,0.18,0.33,1.52,0.27,8.45,5.71,6.28,0.33,0.54,0.13
173,140,150,0.18,0.33,1.53,0.27,8.51,5.71,6.25,0.33,0.54,0.13
173,150,160,0.18,0.33,1.53,0.27,8.55,5.71,6.23,0.33,0.54,0.13
173,160,170,0.18,0.33,1.53,0.27,8.53,5.71,6.24,0.33,0.54,0.13
173,170,180,0.18,0.33,1.53,0.27,8.52,5.71,6.24,0.33,0.54,0.13
174,0,10,0.18,0.32,1.1,0.73,6.48,5,5.45,0.14,0.64,0.22
174,10,20,0.18,0.32,1.25,0.58,6.44,4.89,5.46,0.14,0.64,0.21
174,20,30,0.18,0.32,1.32,0.5,6.76,4.94,5.56,0.15,0.65,0.19
174,30,40,0.18,0.33,1.4,0.44,7.54,5.03,5.72,0.17,0.64,0.18
174,40,50,0.18,0.33,1.49,0.39,8.61,5.14,5.91,0.21,0.61,0.18
174,50,60,0.18,0.33,1.54,0.35,9.28,5.23,6.06,0.22,0.59,0.18
174,60,70,0.18,0.33,1.55,0.32,9.59,5.3,6.16,0.23,0.6,0.18
174,70,80,0.18,0.33,1.55,0.31,10.2,5.37,6.23,0.24,0.59,0.17
174,80,90,0.19,0.34,1.54,0.3,11.06,5.45,6.29,0.25,0.58,0.16
174,90,100,0.19,0.34,1.53,0.29,11.5,5.5,6.33,0.26,0.58,0.16
174,100,110,0.19,0.34,1.52,0.3,11.49,5.52,6.35,0.26,0.58,0.16
174,110,120,0.19,0.34,1.51,0.3,11.35,5.52,6.38,0.27,0.57,0.16
174,120,130,0.19,0.34,1.52,0.3,11.19,5.51,6.4,0.27,0.56,0.16
174,130,140,0.19,0.34,1.52,0.3,11.08,5.5,6.39,0.27,0.57,0.16
174,140,150,0.19,0.34,1.51,0.3,11.03,5.48,6.35,0.26,0.58,0.16
174,150,160,0.19,0.34,1.51,0.3,11.01,5.48,6.33,0.26,0.58,0.16
174,160,170,0.19,0.34,1.51,0.3,11.02,5.48,6.33,0.26,0.58,0.16
174,170,180,0.19,0.34,1.51,0.3,11.02,5.48,6.34,0.26,0.58,0.16
175,0,10,0.17,0.3,1.29,0.57,5.14,5.03,5.28,0.11,0.73,0.17
175,10,20,0.17,0.3,1.41,0.39,5.14,5.03,5.31,0.11,0.74,0.16
175,20,30,0.17,0.3,1.43,0.29,5.5,5.08,5.45,0.12,0.74,0.14
175,30,40,0.17,0.3,1.47,0.23,5.87,5.15,5.61,0.13,0.74,0.13
175,40,50,0.17,0.3,1.53,0.21,6.13,5.23,5.76,0.14,0.74,0.12
175,50,60,0.16,0.3,1.58,0.19,6.14,5.29,5.87,0.14,0.74,0.12
175,60,70,0.16,0.3,1.6,0.17,6.01,5.33,5.95,0.14,0.74,0.12
175,70,80,0.16,0.3,1.6,0.16,6.12,5.35,6,0.14,0.73,0.13
175,80,90,0.16,0.3,1.59,0.15,6.44,5.35,6.01,0.14,0.73,0.13
175,90,100,0.17,0.3,1.58,0.15,6.57,5.34,6.03,0.15,0.73,0.13
175,100,110,0.17,0.3,1.56,0.16,6.5,5.33,6.05,0.15,0.73,0.13
175,110,120,0.17,0.31,1.54,0.16,6.41,5.31,6.08,0.15,0.72,0.13
175,120,130,0.17,0.31,1.53,0.16,6.34,5.28,6.09,0.15,0.72,0.13
175,130,140,0.17,0.31,1.53,0.16,6.27,5.27,6.07,0.15,0.73,0.13
175,140,150,0.17,0.3,1.54,0.16,6.23,5.27,6.03,0.14,0.73,0.13
175,150,160,0.17,0.3,1.54,0.16,6.21,5.27,6.02,0.14,0.73,0.13
175,160,170,0.17,0.3,1.54,0.16,6.21,5.27,6.02,0.14,0.73,0.13
175,170,180,0.17,0.3,1.54,0.16,6.22,5.27,6.03,0.14,0.73,0.13
176,0,10,0.17,0.31,1.27,0.63,6.39,5.03,5.65,0.15,0.66,0.19
176,10,20,0.17,0.31,1.47,0.53,6.11,4.91,5.66,0.15,0.66,0.19
176,20,30,0.17,0.31,1.58,0.47,6.28,4.94,5.75,0.17,0.65,0.18
176,30,40,0.17,0.31,1.63,0.42,6.88,5.03,5.87,0.19,0.63,0.17
176,40,50,0.17,0.31,1.64,0.39,7.8,5.16,6.02,0.23,0.61,0.17
176,50,60,0.17,0.31,1.65,0.34,8.82,5.32,6.15,0.25,0.59,0.16
176,60,70,0.17,0.31,1.66,0.29,9.92,5.52,6.27,0.26,0.58,0.16
176,70,80,0.17,0.31,1.66,0.25,11.22,5.7,6.43,0.28,0.57,0.15
176,80,90,0.18,0.32,1.65,0.24,12.57,5.86,6.6,0.31,0.54,0.15
176,90,100,0.18,0.33,1.62,0.23,13.38,5.95,6.7,0.34,0.52,0.14
176,100,110,0.18,0.33,1.6,0.24,13.55,5.99,6.72,0.35,0.51,0.14
176,110,120,0.18,0.33,1.59,0.24,13.19,6.01,6.75,0.36,0.5,0.14
176,120,130,0.18,0.33,1.59,0.24,12.55,6.01,6.77,0.35,0.51,0.14
176,130,140,0.18,0.33,1.6,0.24,12.37,6,6.76,0.35,0.51,0.14
176,140,150,0.18,0.33,1.6,0.24,12.65,5.97,6.72,0.34,0.52,0.14
176,150,160,0.18,0.33,1.6,0.24,12.79,5.96,6.7,0.34,0.52,0.14
176,160,170,0.18,0.33,1.6,0.24,12.74,5.97,6.71,0.34,0.52,0.14
176,170,180,0.18,0.33,1.6,0.24,12.69,5.97,6.71,0.34,0.52,0.14
177,0,10,0.17,0.32,1.15,0.66,6.38,4.99,5.62,0.17,0.6,0.23
177,10,20,0.17,0.32,1.33,0.56,6.27,4.82,5.61,0.17,0.61,0.22
177,20,30,0.17,0.32,1.42,0.51,6.47,4.85,5.65,0.17,0.63,0.2
177,30,40,0.17,0.32,1.48,0.46,7.34,4.9,5.77,0.19,0.62,0.19
177,40,50,0.17,0.32,1.54,0.39,8.67,4.96,5.93,0.24,0.58,0.18
177,50,60,0.17,0.32,1.57,0.34,9.63,5.07,6.08,0.26,0.56,0.18
177,60,70,0.17,0.32,1.57,0.32,10.32,5.24,6.22,0.27,0.56,0.17
177,70,80,0.18,0.32,1.56,0.31,11.79,5.42,6.35,0.3,0.53,0.17
177,80,90,0.18,0.33,1.54,0.3,13.8,5.58,6.47,0.36,0.49,0.16
177,90,100,0.18,0.33,1.52,0.3,14.7,5.66,6.53,0.39,0.46,0.15
177,100,110,0.18,0.33,1.51,0.31,14.51,5.66,6.53,0.39,0.46,0.15
177,110,120,0.18,0.33,1.51,0.31,14.4,5.68,6.59,0.41,0.44,0.15
177,120,130,0.18,0.34,1.52,0.31,14.52,5.71,6.7,0.43,0.42,0.15
177,130,140,0.18,0.34,1.52,0.3,14.47,5.71,6.7,0.43,0.42,0.15
177,140,150,0.18,0.33,1.52,0.31,14.24,5.68,6.61,0.4,0.45,0.15
177,150,160,0.18,0.33,1.51,0.31,14.14,5.66,6.57,0.38,0.47,0.15
177,160,170,0.18,0.33,1.51,0.31,14.18,5.67,6.59,0.39,0.46,0.15
177,170,180,0.18,0.33,1.51,0.31,14.21,5.67,6.6,0.39,0.46,0.15
178,0,10,0.17,0.31,1.24,0.73,6.24,4.89,5.54,0.13,0.7,0.17
178,10,20,0.17,0.31,1.39,0.59,6.21,4.85,5.58,0.15,0.69,0.16
178,20,30,0.17,0.31,1.47,0.47,6.94,4.92,5.78,0.19,0.65,0.16
178,30,40,0.17,0.31,1.53,0.39,7.77,5.04,5.96,0.24,0.61,0.15
178,40,50,0.17,0.32,1.57,0.35,8.57,5.19,6.1,0.3,0.56,0.15
178,50,60,0.17,0.32,1.59,0.32,9.45,5.36,6.24,0.32,0.53,0.14
178,60,70,0.17,0.32,1.61,0.3,10.45,5.54,6.4,0.33,0.53,0.14
178,70,80,0.17,0.32,1.62,0.27,11.58,5.71,6.56,0.33,0.53,0.14
178,80,90,0.18,0.32,1.61,0.25,12.67,5.86,6.69,0.35,0.51,0.14
178,90,100,0.18,0.32,1.61,0.24,13.16,5.94,6.78,0.36,0.5,0.14
178,100,110,0.18,0.33,1.59,0.25,13.03,5.96,6.81,0.36,0.5,0.14
178,110,120,0.18,0.33,1.58,0.26,12.73,5.97,6.83,0.36,0.5,0.14
178,120,130,0.18,0.33,1.57,0.26,12.41,5.97,6.84,0.35,0.5,0.15
178,130,140,0.18,0.33,1.57,0.26,12.33,5.97,6.83,0.35,0.5,0.15
178,140,150,0.18,0.33,1.57,0.26,12.46,5.96,6.81,0.35,0.51,0.14
178,150,160,0.18,0.33,1.57,0.26,12.53,5.95,6.81,0.34,0.51,0.14
178,160,170,0.18,0.33,1.57,0.26,12.51,5.95,6.81,0.35,0.51,0.14
178,170,180,0.18,0.33,1.57,0.26,12.49,5.96,6.81,0.35,0.51,0.14
179,0,10,0.17,0.31,1.22,0.87,6.39,4.85,5.35,0.15,0.71,0.14
179,10,20,0.17,0.31,1.36,0.65,6.45,4.85,5.39,0.16,0.7,0.13
179,20,30,0.17,0.32,1.4,0.51,7.15,5,5.54,0.22,0.65,0.13
179,30,40,0.17,0.32,1.42,0.41,7.92,5.22,5.73,0.27,0.6,0.12
179,40,50,0.18,0.32,1.44,0.34,8.54,5.45,5.92,0.3,0.58,0.12
179,50,60,0.18,0.32,1.48,0.31,8.79,5.55,6.01,0.32,0.56,0.12
179,60,70,0.18,0.32,1.51,0.32,8.72,5.53,6,0.32,0.56,0.12
179,70,80,0.18,0.32,1.53,0.31,8.79,5.51,6,0.32,0.56,0.12
179,80,90,0.18,0.32,1.52,0.29,9.01,5.52,6.03,0.32,0.56,0.12
179,90,100,0.18,0.32,1.52,0.28,9.1,5.53,6.06,0.32,0.56,0.12
179,100,110,0.18,0.33,1.52,0.29,8.99,5.52,6.08,0.32,0.55,0.12
179,110,120,0.18,0.32,1.53,0.3,8.72,5.51,6.08,0.32,0.56,0.12
179,120,130,0.18,0.32,1.53,0.3,8.37,5.51,6.08,0.31,0.57,0.12
179,130,140,0.18,0.32,1.53,0.3,8.26,5.51,6.06,0.31,0.57,0.12
179,140,150,0.18,0.32,1.52,0.3,8.39,5.5,6.04,0.31,0.57,0.12
179,150,160,0.18,0.32,1.52,0.3,8.45,5.49,6.03,0.31,0.56,0.12
179,160,170,0.18,0.32,1.52,0.3,8.43,5.49,6.03,0.31,0.57,0.12
179,170,180,0.18,0.32,1.52,0.3,8.41,5.49,6.03,0.31,0.57,0.12
180,0,10,0.17,0.31,1.25,0.82,6.23,4.94,5.36,0.13,0.72,0.15
180,10,20,0.17,0.31,1.39,0.55,6.19,4.93,5.4,0.14,0.72,0.14
180,20,30,0.17,0.31,1.44,0.43,6.64,5.03,5.56,0.18,0.68,0.13
180,30,40,0.17,0.31,1.46,0.37,7.29,5.24,5.79,0.22,0.65,0.13
180,40,50,0.17,0.32,1.48,0.33,7.96,5.48,6.03,0.24,0.64,0.12
180,50,60,0.17,0.32,1.5,0.3,8.39,5.58,6.14,0.25,0.63,0.12
180,60,70,0.17,0.32,1.51,0.29,8.59,5.56,6.13,0.25,0.62,0.12
180,70,80,0.17,0.32,1.51,0.27,8.81,5.56,6.14,0.25,0.62,0.12
180,80,90,0.17,0.32,1.51,0.25,9.05,5.59,6.18,0.25,0.62,0.12
180,90,100,0.18,0.32,1.51,0.25,9.2,5.62,6.22,0.25,0.62,0.12
180,100,110,0.18,0.32,1.51,0.25,9.21,5.64,6.23,0.26,0.62,0.13
180,110,120,0.18,0.32,1.51,0.26,9.09,5.65,6.25,0.26,0.62,0.13
180,120,130,0.17,0.32,1.5,0.26,8.88,5.64,6.27,0.25,0.62,0.13
180,130,140,0.17,0.32,1.5,0.26,8.79,5.63,6.25,0.25,0.63,0.13
180,140,150,0.17,0.32,1.51,0.26,8.81,5.62,6.21,0.25,0.63,0.13
180,150,160,0.17,0.32,1.51,0.26,8.83,5.61,6.19,0.25,0.63,0.13
180,160,170,0.17,0.32,1.51,0.26,8.82,5.61,6.2,0.25,0.63,0.13
180,170,180,0.17,0.32,1.51,0.26,8.82,5.61,6.2,0.25,0.63,0.13
181,0,10,0.17,0.31,1.28,0.7,6.41,4.99,5.65,0.14,0.68,0.17
181,10,20,0.17,0.32,1.44,0.55,6.38,4.95,5.67,0.15,0.68,0.17
181,20,30,0.17,0.32,1.49,0.43,7.09,5.04,5.88,0.2,0.64,0.15
181,30,40,0.17,0.32,1.53,0.36,7.9,5.2,6.06,0.25,0.6,0.14
181,40,50,0.18,0.32,1.59,0.32,8.63,5.37,6.16,0.29,0.57,0.14
181,50,60,0.18,0.32,1.62,0.29,9.22,5.5,6.3,0.31,0.55,0.14
181,60,70,0.18,0.32,1.62,0.26,9.69,5.58,6.47,0.32,0.54,0.14
181,70,80,0.18,0.32,1.62,0.24,10.1,5.65,6.57,0.32,0.54,0.14
181,80,90,0.18,0.32,1.63,0.23,10.45,5.71,6.6,0.32,0.54,0.14
181,90,100,0.18,0.33,1.62,0.23,10.73,5.75,6.64,0.32,0.54,0.14
181,100,110,0.18,0.33,1.61,0.23,10.84,5.77,6.68,0.33,0.54,0.14
181,110,120,0.18,0.33,1.6,0.23,10.53,5.78,6.7,0.32,0.54,0.14
181,120,130,0.18,0.32,1.61,0.22,9.94,5.76,6.69,0.31,0.54,0.15
181,130,140,0.18,0.32,1.61,0.22,9.83,5.75,6.67,0.31,0.55,0.15
181,140,150,0.18,0.32,1.6,0.23,10.16,5.74,6.65,0.31,0.54,0.14
181,150,160,0.18,0.33,1.6,0.24,10.33,5.74,6.64,0.32,0.54,0.14
181,160,170,0.18,0.33,1.6,0.24,10.27,5.74,6.64,0.31,0.54,0.14
181,170,180,0.18,0.32,1.6,0.23,10.21,5.74,6.64,0.31,0.54,0.14
182,0,10,0.17,0.31,1.23,0.86,6.37,5.01,5.44,0.13,0.72,0.15
182,10,20,0.17,0.32,1.37,0.68,6.52,5.01,5.47,0.14,0.72,0.13
182,20,30,0.17,0.32,1.4,0.51,7.3,5.13,5.61,0.19,0.68,0.13
182,30,40,0.18,0.32,1.43,0.4,7.88,5.3,5.77,0.23,0.64,0.12
182,40,50,0.18,0.33,1.47,0.35,8.11,5.48,5.92,0.25,0.62,0.12
182,50,60,0.18,0.33,1.51,0.31,8.18,5.59,6.03,0.27,0.61,0.12
182,60,70,0.18,0.33,1.55,0.28,8.19,5.63,6.09,0.27,0.6,0.12
182,70,80,0.18,0.33,1.57,0.26,8.31,5.66,6.15,0.28,0.6,0.12
182,80,90,0.18,0.33,1.58,0.24,8.53,5.69,6.22,0.28,0.6,0.12
182,90,100,0.18,0.33,1.58,0.24,8.62,5.69,6.26,0.28,0.59,0.13
182,100,110,0.18,0.33,1.58,0.24,8.54,5.68,6.28,0.28,0.59,0.13
182,110,120,0.18,0.33,1.58,0.25,8.26,5.66,6.27,0.28,0.6,0.13
182,120,130,0.18,0.33,1.57,0.26,7.88,5.64,6.25,0.27,0.61,0.13
182,130,140,0.18,0.33,1.57,0.26,7.77,5.62,6.23,0.27,0.61,0.13
182,140,150,0.18,0.33,1.57,0.25,7.92,5.62,6.21,0.27,0.6,0.13
182,150,160,0.18,0.33,1.57,0.25,8,5.62,6.2,0.27,0.6,0.13
182,160,170,0.18,0.33,1.57,0.25,7.97,5.62,6.21,0.27,0.6,0.13
182,170,180,0.18,0.33,1.57,0.25,7.94,5.62,6.21,0.27,0.6,0.13
183,0,10,0.17,0.31,1.21,0.64,6.11,5.09,5.66,0.15,0.65,0.2
183,10,20,0.17,0.31,1.42,0.53,5.92,4.93,5.65,0.15,0.65,0.2
183,20,30,0.17,0.31,1.54,0.47,6.21,4.95,5.71,0.16,0.65,0.19
183,30,40,0.17,0.31,1.58,0.43,6.79,4.99,5.78,0.19,0.63,0.18
183,40,50,0.17,0.31,1.58,0.4,7.6,5.04,5.86,0.23,0.59,0.17
183,50,60,0.17,0.31,1.59,0.36,8.72,5.16,6,0.26,0.57,0.17
183,60,70,0.17,0.31,1.6,0.3,10.2,5.35,6.2,0.27,0.56,0.17
183,70,80,0.17,0.32,1.59,0.26,12.18,5.55,6.37,0.31,0.53,0.16
183,80,90,0.18,0.33,1.57,0.25,14.31,5.73,6.52,0.37,0.48,0.15
183,90,100,0.18,0.34,1.54,0.25,15.35,5.83,6.62,0.41,0.45,0.14
183,100,110,0.19,0.34,1.52,0.25,15.31,5.86,6.68,0.42,0.44,0.14
183,110,120,0.19,0.34,1.5,0.26,15.12,5.88,6.7,0.43,0.43,0.14
183,120,130,0.19,0.34,1.49,0.27,14.97,5.89,6.71,0.43,0.43,0.14
183,130,140,0.19,0.34,1.49,0.27,14.76,5.88,6.69,0.42,0.44,0.14
183,140,150,0.19,0.34,1.51,0.27,14.53,5.85,6.65,0.41,0.45,0.14
183,150,160,0.19,0.34,1.51,0.27,14.43,5.84,6.64,0.4,0.46,0.14
183,160,170,0.19,0.34,1.51,0.27,14.47,5.84,6.64,0.4,0.45,0.14
183,170,180,0.19,0.34,1.51,0.27,14.5,5.85,6.65,0.4,0.45,0.14
184,0,10,0.17,0.31,1.25,0.68,6.08,4.99,5.54,0.13,0.67,0.2
184,10,20,0.17,0.31,1.38,0.5,6.07,4.93,5.56,0.14,0.67,0.19
184,20,30,0.17,0.31,1.44,0.4,6.31,4.98,5.72,0.17,0.65,0.18
184,30,40,0.17,0.31,1.48,0.35,7.07,5.08,5.9,0.2,0.63,0.17
184,40,50,0.17,0.32,1.52,0.31,8.24,5.21,6.07,0.24,0.6,0.16
184,50,60,0.17,0.32,1.54,0.28,9.27,5.37,6.23,0.26,0.59,0.15
184,60,70,0.17,0.32,1.55,0.26,10.18,5.54,6.38,0.27,0.58,0.15
184,70,80,0.18,0.32,1.55,0.24,11.44,5.66,6.5,0.28,0.57,0.15
184,80,90,0.18,0.32,1.54,0.23,12.89,5.73,6.59,0.3,0.56,0.14
184,90,100,0.18,0.33,1.53,0.22,13.53,5.77,6.67,0.31,0.55,0.14
184,100,110,0.18,0.33,1.51,0.23,13.42,5.8,6.72,0.32,0.54,0.14
184,110,120,0.18,0.33,1.5,0.23,13.44,5.81,6.76,0.33,0.53,0.14
184,120,130,0.18,0.33,1.5,0.23,13.65,5.81,6.77,0.34,0.52,0.14
184,130,140,0.18,0.33,1.5,0.23,13.61,5.8,6.75,0.34,0.52,0.14
184,140,150,0.18,0.33,1.5,0.23,13.35,5.78,6.73,0.32,0.54,0.14
184,150,160,0.18,0.33,1.5,0.24,13.22,5.78,6.72,0.31,0.55,0.14
184,160,170,0.18,0.33,1.5,0.23,13.27,5.78,6.72,0.31,0.54,0.14
184,170,180,0.18,0.33,1.5,0.23,13.31,5.78,6.72,0.32,0.54,0.14
185,0,10,0.17,0.32,1.23,0.81,7.01,4.91,5.37,0.18,0.67,0.15
185,10,20,0.18,0.32,1.39,0.65,7.14,4.92,5.41,0.2,0.66,0.14
185,20,30,0.18,0.32,1.44,0.57,8.03,5.07,5.58,0.28,0.59,0.13
185,30,40,0.18,0.33,1.46,0.52,8.81,5.23,5.76,0.34,0.54,0.13
185,40,50,0.18,0.33,1.47,0.47,9.32,5.36,5.92,0.37,0.5,0.12
185,50,60,0.18,0.33,1.49,0.42,9.81,5.51,6.07,0.4,0.48,0.12
185,60,70,0.18,0.33,1.51,0.36,10.31,5.67,6.21,0.41,0.47,0.12
185,70,80,0.18,0.33,1.52,0.32,10.69,5.78,6.33,0.41,0.47,0.12
185,80,90,0.18,0.33,1.52,0.29,10.93,5.84,6.41,0.4,0.48,0.12
185,90,100,0.18,0.33,1.52,0.28,11.04,5.88,6.47,0.39,0.48,0.12
185,100,110,0.18,0.33,1.51,0.28,11.03,5.91,6.51,0.4,0.48,0.12
185,110,120,0.18,0.33,1.51,0.29,10.86,5.92,6.53,0.39,0.48,0.13
185,120,130,0.18,0.33,1.5,0.29,10.59,5.92,6.53,0.38,0.49,0.13
185,130,140,0.18,0.33,1.5,0.29,10.57,5.9,6.51,0.38,0.49,0.13
185,140,150,0.18,0.33,1.5,0.29,10.76,5.89,6.48,0.38,0.49,0.13
185,150,160,0.18,0.33,1.5,0.3,10.86,5.89,6.47,0.38,0.49,0.13
185,160,170,0.18,0.33,1.5,0.3,10.82,5.89,6.47,0.38,0.49,0.13
185,170,180,0.18,0.33,1.5,0.3,10.79,5.89,6.48,0.38,0.49,0.13
